<rules
    xmlns="http://namespaces.plone.org/diazo"
    xmlns:css="http://namespaces.plone.org/diazo/css"
    xmlns:xsl="http://www.w3.org/1999/XSL/Transform">

    <theme href="index.html" />

    <before content='/html/head' theme='/html/head' />

    <notheme if-path="anchor.htm" />
    <notheme if-path="attributes.htm" />
    <notheme if-path="presentation_view" />
    <notheme if-path="ploneimage.htm" />
    <notheme if-path="plonelink.htm" />
    <notheme if-path="source_editor.htm" />
    <notheme if-path="table.htm" />

    <before content='//*[@id="portal-personaltools"]' theme='//*[@id="header"]' />
    <copy content='//*[@id="portal-column-content"]' theme='//*[@id="post"]' />
    <copy content='//*[@id="portal-column-one"]' theme='//*[@id="col1"]' />
    <copy content='//*[@id="portal-column-two"]' theme='//*[@id="col2"]' />
    <copy content='//*[@id="portal-colophon"]' theme='//*[@id="footer-outer"]' />
    <copy content='//*[@id="portal-footer"]' theme='//*[@id="footer-bottom"]' />
    <copy content='//*[@id="portal-globalnav"]' theme='//*[@id="nav"]' />
    <copy content='//*[@id="portal-searchbox"]' theme='//*[@id="quick-search"]' />

    <drop theme='//*[@id="intro"]' />
    <drop theme='//*[@id="logo-text"]' />
    <drop theme='//*[@id="post2"]' />
    <drop theme='//*[@id="rss"]' />

    <drop attributes="id" css:content="#portal-globalnav" />
    <drop attributes="id" css:content="#portal-footer" />
    <drop attributes="class" css:content=".cell"/>

    <append content='//*[@id="portal-siteactions"]' theme='//*[@id="footer-outer"]' />

</rules>
